{
  "configs": [
    "Supervised_Linear",
    "Supervised_Hyperbolic",
    "SSL_LinearEval_Linear",
    "SSL_LinearEval_Hyperbolic",
    "SSL_FineTune_Linear",
    "SSL_FineTune_Hyperbolic"
  ],
  "methods": [
    "supervised",
    "supervised",
    "ssl",
    "ssl",
    "ssl",
    "ssl"
  ],
  "modes": [
    "supervised",
    "supervised",
    "linear_eval",
    "linear_eval",
    "finetune",
    "finetune"
  ],
  "classifiers": [
    "Linear",
    "Hyperbolic",
    "Linear",
    "Hyperbolic",
    "Linear",
    "Hyperbolic"
  ],
  "orig_acc": [
    0.9294197488971836,
    0.8730912792670512,
    0.166610111978283,
    0.17848659653885307,
    0.39463861554122837,
    0.663386494740414
  ],
  "orig_f1": [
    0.9288883563805937,
    0.8682543131845467,
    0.047605196819856505,
    0.06610922966900373,
    0.36519762474489287,
    0.6367618365795743
  ],
  "trans_acc": [
    0.6217848659653884,
    0.6023074312860535,
    0.1660671869697998,
    0.22042755344418055,
    0.26888361045130643,
    0.4078724126230064
  ],
  "trans_f1": [
    0.5632187372910268,
    0.542655365419275,
    0.052289747866965,
    0.11255383075024195,
    0.1921161250090466,
    0.340259600200853
  ],
  "retention": [
    66.90032858707555,
    68.98561989895062,
    99.67413441955195,
    123.4980988593156,
    68.134135855546,
    61.48337595907927
  ],
  "retention_moderate": [
    66.83096020445419,
    69.43256898561991,
    99.4908350305499,
    124.61977186311788,
    68.83061049011178,
    62.60869565217391
  ],
  "retention_strong": [
    66.94657417548984,
    68.68765384117113,
    99.79633401221997,
    122.75031685678073,
    67.66981943250214,
    60.73316283034953
  ],
  "avg_drop": [
    0.3076348829317952,
    0.27078384798099775,
    0.000542925008483186,
    -0.04194095690532748,
    0.12575500508992193,
    0.2555140821174076
  ]
}