{
  "configs": [
    "Supervised_Linear",
    "Supervised_Hyperbolic",
    "SSL_LinearEval_Linear",
    "SSL_LinearEval_Hyperbolic",
    "SSL_FineTune_Linear",
    "SSL_FineTune_Hyperbolic"
  ],
  "methods": [
    "supervised",
    "supervised",
    "ssl",
    "ssl",
    "ssl",
    "ssl"
  ],
  "modes": [
    "supervised",
    "supervised",
    "linear_eval",
    "linear_eval",
    "finetune",
    "finetune"
  ],
  "classifiers": [
    "Linear",
    "Hyperbolic",
    "Linear",
    "Hyperbolic",
    "Linear",
    "Hyperbolic"
  ],
  "orig_acc": [
    0.9582626399728538,
    0.9555480149304377,
    0.9222938581608415,
    0.9267051238547676,
    0.9731930777061418,
    0.9803189684424839
  ],
  "trans_acc": [
    0.5077197149643705,
    0.5973023413640991,
    0.4270444519850696,
    0.4876145232439769,
    0.4647947064811673,
    0.4291652527994571
  ],
  "retention": [
    52.98335694050991,
    62.50887784090909,
    46.30242825607064,
    52.618088612229954,
    47.75976290097629,
    43.77812391831083
  ],
  "avg_drop": [
    0.45054292500848325,
    0.35824567356633863,
    0.49524940617577196,
    0.43909060061079064,
    0.5083983712249746,
    0.5511537156430268
  ]
}