{
  "configs": [
    "Supervised_Linear",
    "Supervised_Hyperbolic",
    "SSL_LinearEval_Linear",
    "SSL_LinearEval_Hyperbolic",
    "SSL_FineTune_Linear",
    "SSL_FineTune_Hyperbolic"
  ],
  "methods": [
    "supervised",
    "supervised",
    "ssl",
    "ssl",
    "ssl",
    "ssl"
  ],
  "modes": [
    "supervised",
    "supervised",
    "linear_eval",
    "linear_eval",
    "finetune",
    "finetune"
  ],
  "classifiers": [
    "Linear",
    "Hyperbolic",
    "Linear",
    "Hyperbolic",
    "Linear",
    "Hyperbolic"
  ],
  "orig_acc": [
    0.9582626399728538,
    0.9555480149304377,
    0.9178825924669155,
    0.9351883271123176,
    0.9796403121818799,
    0.9776043434000679
  ],
  "trans_acc": [
    0.5077197149643705,
    0.5973023413640991,
    0.490838140481846,
    0.42687478791991856,
    0.5249406175771971,
    0.49295894129623347
  ],
  "retention": [
    52.98335694050991,
    62.50887784090909,
    53.4750462107209,
    45.645863570391874,
    53.585036369934194,
    50.425199583477955
  ],
  "avg_drop": [
    0.45054292500848325,
    0.35824567356633863,
    0.4270444519850695,
    0.508313539192399,
    0.45469969460468274,
    0.4846454021038344
  ]
}