{
  "configs": [
    "Supervised_Linear",
    "Supervised_Hyperbolic",
    "SSL_LinearEval_Linear",
    "SSL_LinearEval_Hyperbolic",
    "SSL_FineTune_Linear",
    "SSL_FineTune_Hyperbolic"
  ],
  "methods": [
    "supervised",
    "supervised",
    "ssl",
    "ssl",
    "ssl",
    "ssl"
  ],
  "modes": [
    "supervised",
    "supervised",
    "linear_eval",
    "linear_eval",
    "finetune",
    "finetune"
  ],
  "classifiers": [
    "Linear",
    "Hyperbolic",
    "Linear",
    "Hyperbolic",
    "Linear",
    "Hyperbolic"
  ],
  "orig_acc": [
    0.9545300305395318,
    0.9504580929759077,
    0.9138106549032915,
    0.9277231082456736,
    0.9708177807940278,
    0.9718357651849339
  ],
  "orig_f1": [
    0.9551017631944219,
    0.9505198412737456,
    0.9131838188292866,
    0.9273206659658252,
    0.9708234565158472,
    0.971959855604164
  ],
  "trans_acc": [
    0.6058364438411944,
    0.6062436375975568,
    0.394231421784866,
    0.41621988462843573,
    0.3929419748897184,
    0.48320325755005095
  ],
  "trans_f1": [
    0.5690423309760047,
    0.5137949555282082,
    0.29356106270225246,
    0.33447621824416895,
    0.28466184436502673,
    0.4069365029969309
  ],
  "retention": [
    63.46960540348382,
    63.78436272759729,
    43.141477905681406,
    44.8646671543526,
    40.47535826634044,
    49.72067039106146
  ],
  "retention_moderate": [
    63.93530039104158,
    64.69118172081399,
    43.94727070181954,
    45.683979517190934,
    41.08703250611674,
    50.27932960893855
  ],
  "retention_strong": [
    63.15914207844532,
    63.17981673211948,
    42.60428270825598,
    44.31845891246038,
    40.06757543982291,
    49.34823091247672
  ],
  "avg_drop": [
    0.3486935866983374,
    0.3442144553783508,
    0.5195792331184255,
    0.5115032236172379,
    0.5778758059043094,
    0.4886325076348829
  ]
}