{
  "configs": [
    "Supervised_Linear",
    "Supervised_Hyperbolic",
    "SSL_LinearEval_Linear",
    "SSL_LinearEval_Hyperbolic",
    "SSL_FineTune_Linear",
    "SSL_FineTune_Hyperbolic"
  ],
  "methods": [
    "supervised",
    "supervised",
    "ssl",
    "ssl",
    "ssl",
    "ssl"
  ],
  "modes": [
    "supervised",
    "supervised",
    "linear_eval",
    "linear_eval",
    "finetune",
    "finetune"
  ],
  "classifiers": [
    "Linear",
    "Hyperbolic",
    "Linear",
    "Hyperbolic",
    "Linear",
    "Hyperbolic"
  ],
  "orig_acc": [
    0.9545300305395318,
    0.9504580929759077,
    0.9138106549032915,
    0.9277231082456736,
    0.9708177807940278,
    0.9718357651849339
  ],
  "orig_f1": [
    0.9551017631944219,
    0.9505198412737456,
    0.9131838188292866,
    0.9273206659658252,
    0.9708234565158472,
    0.971959855604164
  ],
  "trans_acc": [
    0.8658975229046488,
    0.8623006447234476,
    0.831353919239905,
    0.8363081099423143,
    0.8699015948422124,
    0.8648795385137428
  ],
  "trans_f1": [
    0.8660297778079015,
    0.8558289986263642,
    0.8302481218120097,
    0.8356756755918919,
    0.8678258937874881,
    0.8641380104500112
  ],
  "retention": [
    90.71453963739779,
    90.72474116387005,
    90.97660601559599,
    90.14630577907828,
    89.60503320517302,
    88.99441340782123
  ],
  "retention_moderate": [
    95.34305012442232,
    94.39485897893609,
    95.78536947642033,
    95.79370885149963,
    94.49493184201329,
    94.01187150837988
  ],
  "retention_strong": [
    87.62886597938144,
    88.27799595382602,
    87.77076370837975,
    86.38137039746402,
    86.34510078061284,
    85.64944134078212
  ],
  "avg_drop": [
    0.08863250763488295,
    0.08815744825246008,
    0.08245673566338652,
    0.09141499830335931,
    0.1009161859518154,
    0.10695622667119109
  ]
}