{
  "configs": [
    "Supervised_Linear",
    "Supervised_Hyperbolic",
    "SSL_LinearEval_Linear",
    "SSL_LinearEval_Hyperbolic",
    "SSL_FineTune_Linear",
    "SSL_FineTune_Hyperbolic"
  ],
  "methods": [
    "supervised",
    "supervised",
    "ssl",
    "ssl",
    "ssl",
    "ssl"
  ],
  "modes": [
    "supervised",
    "supervised",
    "linear_eval",
    "linear_eval",
    "finetune",
    "finetune"
  ],
  "classifiers": [
    "Linear",
    "Hyperbolic",
    "Linear",
    "Hyperbolic",
    "Linear",
    "Hyperbolic"
  ],
  "orig_acc": [
    0.9287410926365796,
    0.9141499830335935,
    0.166610111978283,
    0.17848659653885307,
    0.3664743807261622,
    0.6610111978283
  ],
  "orig_f1": [
    0.9286102956631598,
    0.9139975235154437,
    0.047605196819856505,
    0.06610922966900373,
    0.31299641325611016,
    0.6236428041758139
  ],
  "trans_acc": [
    0.5967424499491008,
    0.5270444519850697,
    0.1660671869697998,
    0.22042755344418055,
    0.2779097387173397,
    0.45883949779436717
  ],
  "trans_f1": [
    0.5172350181816843,
    0.463656154393764,
    0.052289747866965,
    0.11255383075024195,
    0.20356896798125593,
    0.36457620476739266
  ],
  "retention": [
    64.25283156740957,
    57.65404602821085,
    99.67413441955195,
    123.4980988593156,
    75.83333333333336,
    69.4147843942505
  ],
  "retention_moderate": [
    64.96163682864452,
    57.83221974758723,
    99.4908350305499,
    124.61977186311788,
    76.01851851851853,
    70.20020533880903
  ],
  "retention_strong": [
    63.780294726586284,
    57.53526354862658,
    99.79633401221997,
    122.75031685678073,
    75.70987654320989,
    68.89117043121149
  ],
  "avg_drop": [
    0.3319986426874788,
    0.38710553104852385,
    0.000542925008483186,
    -0.04194095690532748,
    0.08856464200882247,
    0.2021717000339328
  ]
}