{
  "configs": [
    "Supervised_Linear",
    "Supervised_Hyperbolic",
    "SSL_LinearEval_Linear",
    "SSL_LinearEval_Hyperbolic",
    "SSL_FineTune_Linear",
    "SSL_FineTune_Hyperbolic"
  ],
  "methods": [
    "supervised",
    "supervised",
    "ssl",
    "ssl",
    "ssl",
    "ssl"
  ],
  "modes": [
    "supervised",
    "supervised",
    "linear_eval",
    "linear_eval",
    "finetune",
    "finetune"
  ],
  "classifiers": [
    "Linear",
    "Hyperbolic",
    "Linear",
    "Hyperbolic",
    "Linear",
    "Hyperbolic"
  ],
  "orig_acc": [
    0.9450288428910757,
    0.9372242958941296,
    0.10417373600271462,
    0.19579233118425518,
    0.9789616559212758,
    0.9684424838819138
  ],
  "orig_f1": [
    0.9452545778786584,
    0.9386489476787201,
    0.08722059941701699,
    0.11997926805756487,
    0.9791550853944639,
    0.9683278228983565
  ],
  "trans_acc": [
    0.5911096029860875,
    0.5248727519511368,
    0.15866983372921614,
    0.2066508313539192,
    0.5904309467254836,
    0.5368849677638277
  ],
  "trans_f1": [
    0.5134703836586851,
    0.4577710760042063,
    0.08389200975630845,
    0.11460275061900013,
    0.5378572822851895,
    0.4509736710864144
  ],
  "retention": [
    62.54937163375224,
    56.002896451846496,
    152.31270358306188,
    105.54592720970535,
    60.31195840554593,
    55.43798177995796
  ],
  "retention_moderate": [
    63.393177737881516,
    56.28167994207096,
    149.8371335504886,
    108.05892547660312,
    61.43847487001734,
    56.62228451296425
  ],
  "retention_strong": [
    61.9868342309994,
    55.81704079169684,
    153.96308360477744,
    103.87059503177353,
    59.56094742923167,
    54.648446624620426
  ],
  "avg_drop": [
    0.3539192399049882,
    0.4123515439429928,
    -0.05449609772650152,
    -0.010858500169664026,
    0.38853070919579225,
    0.4315575161180861
  ]
}